-
  name: Afganistan
  cities:
      - Badakhshan
      - Badghis
      - Baghlan
      - Balkh
      - Bamian
      - Farah
      - Faryab
      - Ghazni
      - Ghowr
      - Helmand
      - Herat
      - Jowzjan
      - Kabol
      - Kandahar
      - Kapisa
      - Khowst
      - Konar
      - Konar
      - Kondoz
      - Laghman
      - Laghman
      - Lowgar
      - Nangarhar
      - Nimruz
      - Nurestan
      - Oruzgan
      - Paktia
      - Paktia
      - Paktika
      - Parvan
      - Samangan
      - Sar-e Pol
      - Takhar
      - Vardak
      - Zabol
-
  name: Albania
  cities:
      - Berat
      - Diber
      - Durres
      - Elbasan
      - Fier
      - Gjirokaster
      - Korce
      - Kukes
      - Lezhe
      - Shkoder
      - Tirane
      - Vlore
-
  name: Alemania
  cities:
      - Baden-Wberg Bayern
      - Berlin
      - Brandenburg
      - Bremen
      - Hamburg
      - Hessen
      - Mecklenburg-Vorpommern
      - Niedersachsen
      - Nordrhein-Westfalen
      - Rheinland-Pfalz
      - Saarland
      - Sachsen
      - Sachsen-Anhalt
      - Schleswig-Holstein
      - Thuringen
-
  name: American Samoa
  cities:
      - American Samoa (General)
-
  name: Andorra
  cities:
      - Andorra la Vella
      - Canillo
      - Encamp
      - Escaldes-Engordany
      - La Massana
      - Ordino
      - Sant Julia de Loria
      - Barbuda
      - Saint George
      - Saint John
      - Saint Mary
      - Saint Paul
      - Saint Peter
      - Saint Philip
-
  name: Angola
  cities:
      - Bengo
      - Benguela
      - Bie
      - Cabinda
      - Cuando Cubango
      - Cuanza Norte
      - Cuanza Sul
      - Cunene
      - Huambo
      - Huila
      - Luanda
      - Luanda Province
      - Lunda Norte
      - Lunda Sul
      - Malanje
      - Moxico
      - Uige
      - Zaire
-
  name: Anguila
  cities:
      - Anguilla (General)
-
  name: Antigua and Barbuda
  cities:
      - Barbuda
      - Saint George
      - Saint John
      - Saint Mary
      - Saint Paul
      - Saint Peter
      - Saint Philip
-
  name: Antillas Holandesas
  cities:
      - Netherlands Antilles (General)
-
  name: Antartida
  cities:
      - Antarctica (General)
-
  name: Arabia Saudita
  cities:
      - Al Bahah
      - Al Hudud ash Shamaliyah
      - Al Jawf
      - Al Jawf
      - Al Madinah
      - Al Qasim
      - Al Qurayyat
      - Ar Riyad
      - Ash Sharqiyah
      - Hail
      - Jizan
      - Makkah
      - Najran
      - Tabuk
-
  name: Argelia
  cities:
      - Adrar
      - Ain Defla
      - Ain Temouchent
      - Alger
      - Annaba
      - Batna
      - Bechar
      - Bejaia
      - Biskra
      - Blida
      - Bordj Bou Arreridj
      - Bouira
      - Boumerdes
      - Chlef
      - Constantine
      - Djelfa
      - El Bayadh
      - El Oued
      - El Tarf
      - Ghardaia
      - Guelma
      - Illizi
      - Jijel
      - Khenchela
      - Laghouat
      - Msila
      - Mascara
      - Medea
      - Mila
      - Mostaganem
      - Naama
      - Oran
      - Ouargla
      - Oum el Bouaghi
      - Relizane
      - Saida
      - Setif
      - Sidi Bel Abbes
      - Skikda
      - Souk Ahras
      - Tamanghasset
      - Tebessa
      - Tiaret
      - Tindouf
      - Tipaza
      - Tissemsilt
      - Tizi Ouzou
      - Tlemcen
-
  name: Argentina
  cities:
      - Buenos Aires
      - Catamarca
      - Chaco
      - Chubut
      - Cordoba
      - Corrientes
      - Distrito Federal
      - Entre Rios
      - Formosa
      - Jujuy
      - La Pampa
      - La Rioja
      - Mendoza
      - Misiones
      - Neuquen
      - Rio Negro
      - Salta
      - San Juan
      - San Luis
      - Santa Cruz
      - Santa Fe
      - Santiago del Estero
      - Tierra del Fuego
      - Tucuman
-
  name: Armenia
  cities:
      - Aragatsotn
      - Ararat
      - Armavir
      - Gegharkunik
      - Kotayk
      - Lorri
      - Shirak
      - Syunik
      - Tavush
      - Vayots Dzor
      - Yerevan
-
  name: Aruba
  cities:
      - Aruba (General)
-
  name: Australia
  cities:
      - Australian Capital Territory
      - New South Wales
      - Northern Territory
      - Queensland
      - South Australia
      - Tasmania
      - Victoria
      - Western Australia
-
  name: Austria
  cities:
      - Burgenland
      - Karnten
      - Niederosterreich
      - Oberosterreich
      - Salzburg
      - Steiermark
      - Tirol
      - Vorarlberg
      - Wien
-
  name: Azerbaijan
  cities:
      - Abseron
      - Agcabadi
      - Agdam
      - Agdas
      - Agstafa
      - Agsu
      - Ali Bayramli
      - Astara
      - Baki
      - Balakan
      - Barda
      - Beylaqan
      - Bilasuvar
      - Cabrayil
      - Calilabad
      - Daskasan
      - Davaci
      - Fuzuli
      - Gadabay
      - Ganca
      - Goranboy
      - Goycay
      - Haciqabul
      - Imisli
      - Ismayilli
      - Kalbacar
      - Kurdamir
      - Lacin
      - Lankaran
      - Lankaran
      - Lerik
      - Masalli
      - Mingacevir
      - Naftalan
      - Naxcivan
      - Neftcala
      - Oguz
      - Qabala
      - Qax
      - Qazax
      - Qobustan
      - Quba
      - Qubadli
      - Qusar
      - Saatli
      - Sabirabad
      - Saki
      - Saki
      - Salyan
      - Samaxi
      - Samkir
      - Samux
      - Siyazan
      - Sumqayit
      - Susa
      - Susa
      - Tartar
      - Tovuz
      - Ucar
      - Xacmaz
      - Xankandi
      - Xanlar
      - Xizi
      - Xocali
      - Xocavand
      - Yardimli
      - Yevlax
      - Yevlax
      - Zangilan
      - Zaqatala
      - Zardab
-
  name: Bahamas
  cities:
      - Acklins and Crooked Islands
      - Bimini
      - Cat Island
      - Exuma
      - Freeport
      - Fresh Creek
      - Governors Harbour
      - Green Turtle Cay
      - Harbour Island
      - High Rock
      - Inagua
      - Kemps Bay
      - Long Island
      - Marsh Harbour
      - Mayaguana
      - New Providence
      - Nichollstown and Berry Islands
      - Ragged Island
      - Rock Sound
      - San Salvador and Rum Cay
      - Sandy Point
-
  name: Bahrein
  cities:
      - Al Hadd
      - Al Manamah
      - Al Mintaqah al Gharbiyah
      - Al Mintaqah al Wusta
      - Al Mintaqah ash Shamaliyah
      - Al Muharraq
      - Ar Rifa
      - Jidd Hafs
      - Madinat
      - Madinat Hamad
      - Mintaqat Juzur Hawar
      - Sitrah
-
  name: Bangladesh
  cities:
      - Bagerhat
      - Bandarban
      - Barguna
      - Barisal
      - Barisal Division
      - Bhola
      - Bogra
      - Brahmanbaria
      - Chandpur
      - Chapai Nawabganj
      - Chattagram
      - Chuadanga
      - Comilla
      - Coxs Bazar
      - Dhaka
      - Dhaka Division
      - Dinajpur
      - Faridpur
      - Feni
      - Gaibandha
      - Gazipur
      - Gopalganj
      - Habiganj
      - Jaipurhat
      - Jamalpur
      - Jessore
      - Jhalakati
      - Jhenaidah
      - Khagrachari
      - Khulna
      - Khulna Division
      - Kishorganj
      - Kurigram
      - Kushtia
      - Laksmipur
      - Lalmonirhat
      - Madaripur
      - Magura
      - Manikganj
      - Meherpur
      - Moulavibazar
      - Munshiganj
      - Mymensingh
      - Naogaon
      - Narail
      - Narayanganj
      - Narsingdi
      - Nator
      - Netrakona
      - Nilphamari
      - Noakhali
      - Pabna
      - Panchagar
      - Parbattya Chattagram
      - Patuakhali
      - Pirojpur
      - Rajbari
      - Rajshahi
      - Rangpur
      - Rajshahi Division
      - Satkhira
      - Shariyatpur
      - Sherpur
      - Sirajganj
      - Sunamganj
      - Sylhet
      - Sylhet Division
      - Tangail
      - Thakurgaon
-
  name: Barbados
  cities:
      - Christ Church
      - Saint Andrew
      - Saint George
      - Saint James
      - Saint John
      - Saint Joseph
      - Saint Lucy
      - Saint Michael
      - Saint Peter
      - Saint Philip
      - Saint Thomas
-
  name: Belice
  cities:
      - Belize
      - Cayo
      - Corozal
      - Orange Walk
      - Stann Creek
      - Toledo
-
  name: Benin
  cities:
      - Atakora
      - Atlantique
      - Borgou
      - Littoral Department
      - Mono
      - Oueme
      - Zou
-
  name: Bermuda
  cities:
      - Devonshire
      - Hamilton
      - Hamilton
      - Paget
      - Pembroke
      - Saint George
      - Saint Georges
      - Sandys
      - Smiths
      - Southampton
      - Warwick
-
  name: Bielorrusia
  cities:
      - Brestskaya Voblasts
      - Homyel skaya Voblasts
      - Hrodzyenskaya Voblasts
      - Mahilyowskaya Voblasts
      - Minsk
      - Minskaya Voblasts
      - Vitsyebskaya Voblasts
-
  name: Bolivia
  cities:
      - Chuquisaca
      - Cochabamba
      - El Beni
      - La Paz
      - Oruro
      - Pando
      - Potosi
      - Santa Cruz
      - Tarija
-
  name: Bosnia y Herzegovina
  cities:
      - Bosanska Dubica
      - Federation of Bosnia and Herzegovina
      - Republika Srpska
-
  name: Botsuana
  cities:
      - Central
      - Chobe
      - Ghanzi
      - Kgalagadi
      - Kgatleng
      - Kweneng
      - Ngamiland
      - North-East
      - South-East
      - Southern
-
  name: Bouvet Island
  cities:
      - Bouvet Island (General)
-
  name: Brasil
  cities:
      - Acre
      - Alagoas
      - Amapa
      - Amazonas
      - Bahia
      - Ceara
      - Distrito Federal
      - Espirito Santo
      - Goias
      - Maranhao
      - Mato Grosso
      - Mato Grosso do Sul
      - Minas Gerais
      - Para
      - Paraiba
      - Parana
      - Pernambuco
      - Piaui
      - Rio Grande do Norte
      - Rio Grande do Sul
      - Rio de Janeiro
      - Rondonia
      - Roraima
      - Santa Catarina
      - Sao Paulo
      - Sergipe
      - Tocantins
-
  name: British Indian Ocean Territory
  cities:
      - British Indian Ocean Territory (General)
-
  name: Brunei Darussalam
  cities:
      - Alibori
      - Belait
      - Brunei and Muara
      - Collines
      - Donga
      - Kouffo
      - Littoral
      - Oueme
      - Plateau
      - Temburong
      - Tutong
      - Zou
-
  name: Bulgaria
  cities:
      - Blagoevgrad
      - Burgas
      - Dobrich
      - Gabrovo
      - Grad Sofiya
      - Khaskovo
      - Kurdzhali
      - Kyustendil
      - Lovech
      - Mikhaylovgrad
      - Montana
      - Pazardzhik
      - Pernik
      - Pleven
      - Plovdiv
      - Razgrad
      - Ruse
      - Shumen
      - Silistra
      - Sliven
      - Smolyan
      - Sofiya
      - Stara Zagora
      - Turgovishte
      - Varna
      - Veliko Turnovo
      - Vidin
      - Vratsa
      - Yambol
-
  name: Burkina Faso
  cities:
      - Bale
      - Bam
      - Banwa
      - Bazega
      - Bougouriba
      - Boulgou
      - Boulkiemde
      - Ganzourgou
      - Gnagna
      - Gourma
      - Houet
      - Ioba
      - Kadiogo
      - Kenedougou
      - Komoe
      - Komondjari
      - Kompienga
      - Kossi
      - Koulpelogo
      - Kouritenga
      - Kourweogo
      - Leraba
      - Loroum
      - Mouhoun
      - Namentenga
      - Naouri
      - Nayala
      - Noumbiel
      - Oubritenga
      - Oudalan
      - Passore
      - Poni
      - Sanguie
      - Sanmatenga
      - Seno
      - Sissili
      - Soum
      - Sourou
      - Tapoa
      - Tuy
      - Yagha
      - Yatenga
      - Ziro
      - Zondoma
      - Zoundweogo
-
  name: Burundi
  cities:
      - Bubanza
      - Bujumbura
      - Bururi
      - Cankuzo
      - Cibitoke
      - Gitega
      - Karuzi
      - Kayanza
      - Kirundo
      - Makamba
      - Muramvya
      - Muyinga
      - Mwaro
      - Ngozi
      - Rutana
      - Ruyigi
-
  name: Butan
  cities:
      - Bumthang
      - Chhukha
      - Chirang
      - Daga
      - Geylegphug
      - Ha
      - Lhuntshi
      - Mongar
      - Paro
      - Pemagatsel
      - Punakha
      - Samchi
      - Samdrup
      - Shemgang
      - Tashigang
      - Thimphu
      - Tongsa
      - Wangdi Phodrang
-
  name: Belgica
  cities:
      - Antwerpen
      - Brabant
      - Brabant Wallon
      - Brussels Hoofdstedelijk Gewest
      - Hainaut
      - Liege
      - Limburg
      - Luxembourg
      - Namur
      - Oost-Vlaanderen
      - Vlaams-Brabant
      - West-Vlaanderen
-
  name: Cabo Verda
  cities:
      - Boa Vista
      - Brava
      - Maio
      - Mosteiros
      - Paul
      - Praia
      - Ribeira Grande
      - Sal
      - Santa Catarina
      - Santa Cruz
      - Sao Domingos
      - Sao Filipe
      - Sao Miguel
      - Sao Nicolau
      - Sao Vicente
      - Tarrafal
-
  name: Camboya
  cities:
      - Batdambang
      - Kampong Cham
      - Kampong Chhnang
      - Kampong Spoe
      - Kampong Thum
      - Kampot
      - Kandal
      - Kaoh Kong
      - Kracheh
      - Mondol Kiri
      - Pailin
      - Phnum Penh
      - Pouthisat
      - Preah Vihear
      - Prey Veng
      - Rotanokiri
      - Siemreab-Otdar Meanchey
      - Stoeng Treng
      - Svay Rieng
      - Takev
-
  name: Camerun
  cities:
      - Adamaoua
      - Centre
      - Est
      - Extreme-Nord
      - Littoral
      - Nord
      - Nord-Ouest
      - Ouest
      - Sud
      - Sud-Ouest
-
  name: Canada
  cities:
      - Alberta
      - British Columbia
      - Manitoba
      - New Brunswick
      - Newfoundland
      - Northwest Territories
      - Nova Scotia
      - Nunavut
      - Ontario
      - Prince Edward Island
      - Quebec
      - Saskatchewan
      - Yukon Territory
-
  name: Chad
  cities:
      - Batha
      - Biltine
      - Borkou-Ennedi-Tibesti
      - Chari-Baguirmi
      - Guera
      - Kanem
      - Lac
      - Logone Occidental
      - Logone Oriental
      - Mayo-Kebbi
      - Moyen-Chari
      - Ouaddai
      - Salamat
      - Tandjile
-
  name: Chile
  cities:
      - Aisen del General Carlos Ibanez del Campo
      - Antofagasta
      - Araucania
      - Atacama
      - Bio-Bio
      - Coquimbo
      - Libertador General Bernardo OHiggins
      - Los Lagos
      - Magallanes y de la Antartica Chilena
      - Maule
      - Region Metropolitana
      - Tarapaca
      - Valparaiso
-
  name: China
  cities:
      - Anhui
      - Beijing
      - Chongqing
      - Fujian
      - Gansu
      - Guangdong
      - Guangxi
      - Guizhou
      - Hainan
      - Hebei
      - Heilongjiang
      - Henan
      - Hubei
      - Hunan
      - Jiangsu
      - Jiangxi
      - Jilin
      - Liaoning
      - Nei Mongol
      - Ningxia
      - Qinghai
      - Shaanxi
      - Shandong
      - Shanghai
      - Shanxi
      - Sichuan
      - Tianjin
      - Xinjiang
      - Xizang
      - Yunnan
      - Zhejiang
-
  name: Chipre
  cities:
      - Famagusta
      - Kyrenia
      - Larnaca
      - Limassol
      - Nicosia
      - Paphos
-
  name: Colombia
  cities:
      - Amazonas
      - Antioquia
      - Arauca
      - Atlantico
      - Bolivar
      - Bolivar Department
      - Boyaca
      - Boyaca Department
      - Caldas
      - Caldas Department
      - Caqueta
      - Casanare
      - Cauca
      - Cesar
      - Choco
      - Cordoba
      - Cundinamarca
      - Distrito Especial
      - Guainia
      - Guaviare
      - Huila
      - La Guajira
      - Magdalena
      - Magdalena Department
      - Meta
      - Narino
      - Norte de Santander
      - Putumayo
      - Quindio
      - Risaralda
      - San Andres y Providencia
      - Santander
      - Sucre
      - Tolima
      - Valle del Cauca
      - Vaupes
      - Vichada
-
  name: Comores
  cities:
      - Anjouan
      - Grande Comore
      - Moheli
-
  name: Congo
  cities:
      - Bouenza
      - Brazzaville
      - Cuvette
      - Kouilou
      - Lekoumou
      - Likouala
      - Niari
      - Plateaux
      - Pool
      - Sangha
-
  name: Corea del Norte
  cities:
      - Chagang-do
      - Hamgyong-bukto
      - Hamgyong-namdo
      - Hwanghae-bukto
      - Hwanghae-namdo
      - Kaesong-si
      - Kangwon-do
      - Najin Sonbong-si
      - Nampo-si
      - P yongan-bukto
      - P yongan-namdo
      - P yongyang-si
      - Yanggang-do
-
  name: Corea del Sur
  cities:
      - Ch ungch ong-bukto
      - Ch ungch ong-namdo
      - Cheju-do
      - Cholla-bukto
      - Cholla-namdo
      - Inch on-jikhalsi
      - Kangwon-do
      - Kwangju-jikhalsi
      - Kyonggi-do
      - Kyongsang-bukto
      - Kyongsang-namdo
      - Pusan-jikhalsi
      - Seoul-tukpyolsi
      - Taegu-jikhalsi
      - Taejon-jikhalsi
      - Ulsan-gwangyoksi
-
  name: Costa Rica
  cities:
      - Alajuela
      - Cartago
      - Guanacaste
      - Heredia
      - Limon
      - Puntarenas
      - San Jose
-
  name: Cote D Ivoire
  cities:
      - Abengourou
      - Abidjan
      - Aboisso
      - Adiake
      - Adzope
      - Agboville
      - Alepe
      - Bangolo
      - Beoumi
      - Biankouma
      - Bocanda
      - Bondoukou
      - Bongouanou
      - Bouafle
      - Bouake
      - Bouna
      - Boundiali
      - Dabakala
      - Dabou
      - Daloa
      - Danane
      - Daoukro
      - Dimbokro
      - Divo
      - Duekoue
      - Ferkessedougou
      - Gagnoa
      - Grand-Bassam
      - Grand-Lahou
      - Guiglo
      - Haut-Sassandra Region
      - Issia
      - Jacqueville
      - Katiola
      - Korhogo
      - Lagunes Region
      - Lakota
      - Man
      - Mankono
      - Mbahiakro
      - Odienne
      - Oume
      - Sakassou
      - San Pedro
      - Sassandra
      - Seguela
      - Sinfra
      - Soubre
      - Tabou
      - Tanda
      - Tiassale
      - Tiebissou
      - Tingrela
      - Touba
      - Toulepleu
      - Toumodi
      - Vavoua
      - Yamoussoukro
      - Zuenoula
-
  name: Croacia
  cities:
      - Bjelovarsko-Bilogorska
      - Brodsko-Posavska
      - Dubrovacko-Neretvanska
      - Grad Zagreb
      - Istarska
      - Karlovacka
      - Koprivnicko-Krizevacka
      - Krapinsko-Zagorska
      - Licko-Senjska
      - Medimurska
      - Osjecko-Baranjska
      - Pozesko-Slavonska
      - Primorsko-Goranska
      - Sibensko-Kninska
      - Sisacko-Moslavacka
      - Splitsko-Dalmatinska
      - Varazdinska
      - Viroviticko-Podravska
      - Vukovarsko-Srijemska
      - Zadarska
      - Zagrebacka
-
  name: Cuba
  cities:
      - Camaguey
      - Ciego de Avila
      - Cienfuegos
      - Ciudad de la Habana
      - Granma
      - Guantanamo
      - Holguin
      - Isla de la Juventud
      - La Habana
      - Las Tunas
      - Matanzas
      - Pinar del Rio
      - Sancti Spiritus
      - Santiago de Cuba
      - Villa Clara
-
  name: Dinamarca
  cities:
      - Arhus
      - Bornholm
      - Frederiksborg
      - Fyn
      - Kobenhavn
      - Nordjylland
      - Ribe
      - Ringkobing
      - Roskilde
      - Sonderjylland
      - Staden Kobenhavn
      - Storstrom
      - Vejle
      - Vestsjalland
      - Viborg
-
  name: Djibouti
  cities:
      - Dikhil
      - Djibouti
      - Obock
      - Tadjoura
-
  name: Dominica
  cities:
      - Saint Andrew
      - Saint David
      - Saint George
      - Saint John
      - Saint Joseph
      - Saint Luke
      - Saint Mark
      - Saint Patrick
      - Saint Paul
      - Saint Peter
-
  name: East Timor
  cities:
      - East Timor (General)
-
  name: Ecuador
  cities:
      - Azuay
      - Bolivar
      - Canar
      - Carchi
      - Chimborazo
      - Cotopaxi
      - El Oro
      - Esmeraldas
      - Galapagos
      - Guayas
      - Imbabura
      - Loja
      - Los Rios
      - Manabi
      - Morona-Santiago
      - Napo
      - Orellana
      - Pastaza
      - Pichincha
      - Sucumbios
      - Tungurahua
      - Zamora-Chinchipe
-
  name: Egipto
  cities:
      - Ad Daqahliyah
      - Al Bahr al Ahmar
      - Al Buhayrah
      - Al Fayyum
      - Al Gharbiyah
      - Al Iskandariyah
      - Al Isma iliyah
      - Al Jizah
      - Al Minufiyah
      - Al Minya
      - Al Qahirah
      - Al Qalyubiyah
      - Al Wadi al Jadid
      - As Suways
      - Ash Sharqiyah
      - Aswan
      - Asyut
      - Bani Suwayf
      - Bur Said
      - Dumyat
      - Janub Sina
      - Kafr ash Shaykh
      - Matruh
      - Qina
      - Shamal Sina
      - Suhaj
-
  name: El Salvador
  cities:
      - Ahuachapan
      - Cabanas
      - Chalatenango
      - Cuscatlan
      - La Libertad
      - La Paz
      - La Union
      - Morazan
      - San Miguel
      - San Salvador
      - San Vicente
      - Santa Ana
      - Sonsonate
      - Usulutan
-
  name: El Vaticano
  cities:
      - Holy See (Vatican City State) (General)
-
  name: Emiratos Arabes Unidos
  cities:
      - Abu Dhabi
      - Ajman
      - Dubai
      - Fujairah
      - Ras Al Khaimah
      - Sharjah
      - Umm Al Quwain
-
  name: Eritrea
  cities:
      - Eritrea (General)
-
  name: Eslovaquia
  cities:
      - Banska Bystrica
      - Bratislava
      - Kosice
      - Nitra
      - Presov
      - Trencin
      - Trnava
      - Zilina
-
  name: Eslovenia
  cities:
      - Ajdovscina
      - Beltinci
      - Bled
      - Bohinj
      - Borovnica
      - Bovec
      - Brda
      - Brezice
      - Brezovica
      - Celje
      - Cerklje na Gorenjskem
      - Cerknica
      - Cerkno
      - Crensovci
      - Crna na Koroskem
      - Crnomelj
      - Divaca
      - Dobrepolje
      - Dobrova-Horjul-Polhov Gradec
      - Dol pri Ljubljani
      - Domzale
      - Dornava
      - Dravograd
      - Duplek
      - Gorenja Vas-Poljane
      - Gorisnica
      - Gornja Radgona
      - Gornji Grad
      - Gornji Petrovci
      - Grosuplje
      - Hrastnik
      - Hrpelje-Kozina
      - Idrija
      - Ig
      - Ilirska Bistrica
      - Ivancna Gorica
      - Izola-Isola
      - Jesenice
      - Jursinci
      - Kamnik
      - Kanal
      - Kidricevo
      - Kobarid
      - Kobilje
      - Kocevje
      - Komen
      - Koper-Capodistria
      - Kozje
      - Kranj
      - Kranjska Gora
      - Krsko
      - Kungota
      - Kuzma
      - Lasko
      - Lenart
      - Litija
      - Ljubljana
      - Ljubno
      - Ljutomer
      - Logatec
      - Loska Dolina
      - Loski Potok
      - Luce
      - Lukovica
      - Majsperk
      - Maribor
      - Medvode
      - Menges
      - Metlika
      - Mezica
      - Miren-Kostanjevica
      - Mislinja
      - Moravce
      - Moravske Toplice
      - Mozirje
      - Murska Sobota
      - Muta
      - Naklo
      - Nazarje
      - Nova Gorica
      - Novo Mesto
      - Odranci
      - Ormoz
      - Osilnica
      - Pesnica
      - Piran
      - Pivka
      - Podcetrtek
      - Postojna
      - Preddvor
      - Ptuj
      - Puconci
      - Racam
      - Radece
      - Radenci
      - Radlje ob Dravi
      - Radovljica
      - Ribnica
      - Rogaska Slatina
      - Rogasovci
      - Rogatec
      - Ruse
      - Semic
      - Sencur
      - Sentilj
      - Sentjernej
      - Sentjur pri Celju
      - Sevnica
      - Sezana
      - Skocjan
      - Skofja Loka
      - Skofljica
      - Slovenj Gradec
      - Slovenska Bistrica
      - Slovenske Konjice
      - Smarje pri Jelsah
      - Smartno ob Paki
      - Sostanj
      - Starse
      - Store
      - Sveti Jurij
      - Tolmin
      - Trbovlje
      - Trebnje
      - Trzic
      - Turnisce
      - Velenje
      - Velike Lasce
      - Videm
      - Vipava
      - Vitanje
      - Vodice
      - Vojnik
      - Vrhnika
      - Vuzenica
      - Zagorje ob Savi
      - Zalec
      - Zavrc
      - Zelezniki
      - Ziri
      - Zrece
-
  name: Espa�a
  cities:
      - Andalucia
      - Aragon
      - Asturias
      - Canarias
      - Cantabria
      - Castilla y Leon
      - Castilla-La Mancha
      - Cataluna
      - Comunidad Valenciana
      - Extremadura
      - Galicia
      - Islas Baleares
      - La Rioja
      - Madrid
      - Murcia
      - Navarra
      - Pais Vasco
-
  name: Estados Unidos
  cities:
      - Alabama
      - Alaska
      - American Samoa
      - Arizona
      - Arkansas
      - California
      - Colorado
      - Connecticut
      - Delaware
      - District of Columbia
      - Federated States of Micronesia
      - Florida
      - Georgia
      - Guam
      - Hawaii
      - Idaho
      - Illinois
      - Indiana
      - Iowa
      - Kansas
      - Kentucky
      - Louisiana
      - Maine
      - Marshall Islands
      - Maryland
      - Massachusetts
      - Michigan
      - Minnesota
      - Mississippi
      - Missouri
      - Montana
      - Nebraska
      - Nevada
      - New Hampshire
      - New Jersey
      - New Mexico
      - New York
      - North Carolina
      - North Dakota
      - Northern Mariana Islands
      - Ohio
      - Oklahoma
      - Oregon
      - Palau
      - Pennsylvania
      - Puerto Rico
      - Rhode Island
      - South Carolina
      - South Dakota
      - Tennessee
      - Texas
      - Utah
      - Vermont
      - Virgin Islands
      - Virginia
      - Washington
      - West Virginia
      - Wisconsin
      - Wyoming
-
  name: Estonia
  cities:
      - Harjumaa
      - Hiiumaa
      - Ida-Virumaa
      - Jarvamaa
      - Jogevamaa
      - Kohtla-Jarve
      - Laane-Virumaa
      - Laanemaa
      - Narva
      - Parnu
      - Parnumaa
      - Polvamaa
      - Raplamaa
      - Saaremaa
      - Sillamae
      - Tallinn
      - Tartu
      - Tartumaa
      - Valgamaa
      - Viljandimaa
      - Vorumaa
-
  name: Etiopia
  cities:
      - Addis Abeba
      - Adis Abeba
      - Afar
      - Afar
      - Amara
      - Amhara
      - Benishangul
      - Binshangul Gumuz
      - Dire Dawa
      - Gambela Hizboch
      - Gambella
      - Hareri Hizb
      - Oromiya
      - Somali
      - Southern
      - Sumale
      - Tigray
      - Tigray
      - YeDebub Biheroch Bihereseboch na Hizboch
-
  name: Fiji
  cities:
      - Central
      - Eastern
      - Northern
      - Rotuma
      - Western
-
  name: Filipinas
  cities:
      - Abra
      - Agusan del Norte
      - Agusan del Sur
      - Aklan
      - Albay
      - Angeles
      - Antique
      - Aurora
      - Bacolod
      - Bago
      - Baguio
      - Bais
      - Basilan
      - Basilan City
      - Bataan
      - Batanes
      - Batangas
      - Batangas City
      - Benguet
      - Bohol
      - Bukidnon
      - Bulacan
      - Butuan
      - Cabanatuan
      - Cadiz
      - Cagayan
      - Cagayan de Oro
      - Calbayog
      - Caloocan
      - Camarines Norte
      - Camarines Sur
      - Camiguin
      - Canlaon
      - Capiz
      - Catanduanes
      - Cavite
      - Cavite City
      - Cebu
      - Cebu City
      - Cotabato
      - Dagupan
      - Danao
      - Dapitan
      - Davao
      - Davao City
      - Davao Oriental
      - Davao del Sur
      - Dipolog
      - Dumaguete
      - Eastern Samar
      - General Santos
      - Gingoog
      - Ifugao
      - Iligan
      - Ilocos Norte
      - Ilocos Sur
      - Iloilo
      - Iloilo City
      - Iriga
      - Isabela
      - Kalinga-Apayao
      - La Carlota
      - La Union
      - Laguna
      - Lanao del Norte
      - Lanao del Sur
      - Laoag
      - Lapu-Lapu
      - Legaspi
      - Leyte
      - Lipa
      - Lucena
      - Maguindanao
      - Mandaue
      - Manila
      - Marawi
      - Marinduque
      - Masbate
      - Mindoro Occidental
      - Mindoro Oriental
      - Misamis Occidental
      - Misamis Oriental
      - Mountain
      - Naga
      - Negros Occidental
      - Negros Oriental
      - North Cotabato
      - Northern Samar
      - Nueva Ecija
      - Nueva Vizcaya
      - Olongapo
      - Ormoc
      - Oroquieta
      - Ozamis
      - Pagadian
      - Palawan
      - Palayan
      - Pampanga
      - Pangasinan
      - Pasay
      - Puerto Princesa
      - Quezon
      - Quezon City
      - Quirino
      - Rizal
      - Romblon
      - Roxas
      - Samar
      - San Carlos
      - San Carlos
      - San Jose
      - San Pablo
      - Silay
      - Siquijor
      - Sorsogon
      - South Cotabato
      - Southern Leyte
      - Sultan Kudarat
      - Sulu
      - Surigao
      - Surigao del Norte
      - Surigao del Sur
      - Tacloban
      - Tagaytay
      - Tagbilaran
      - Tangub
      - Tarlac
      - Tawitawi
      - Toledo
      - Trece Martires
      - Zambales
      - Zamboanga
      - Zamboanga del Norte
      - Zamboanga del Sur
-
  name: Finlandia
  cities:
      - Eastern Finland
      - Lapland
      - Oulu
      - Southern Finland
      - Western Finland
-
  name: Francia
  cities:
      - Alsace
      - Aquitaine
      - Auvergne
      - Basse-Normandie
      - Bourgogne
      - Bretagne
      - Centre
      - Champagne-Ardenne
      - Corse
      - Franche-Comte
      - Haute-Normandie
      - Ile-de-France
      - Languedoc-Roussillon
      - Limousin
      - Lorraine
      - Midi-Pyrenees
      - Nord-Pas-de-Calais
      - Pays de la Loire
      - Picardie
      - Poitou-Charentes
      - Provence-Alpes-Cote d Azur
      - Rhone-Alpes
-
  name: French Guiana
  cities:
      - Guyane Departement
-
  name: French Polynesia
  cities:
      - Polynesie Fran?aise Territoire
-
  name: French Southern Territories
  cities:
      - French Southern Territories (General)
-
  name: Gabon
  cities:
      - Estuaire
      - Haut-Ogooue
      - Moyen-Ogooue
      - Ngounie
      - Nyanga
      - Ogooue-Ivindo
      - Ogooue-Lolo
      - Ogooue-Maritime
      - Woleu-Ntem
-
  name: Gambia
  cities:
      - Banjul
      - Lower River
      - MacCarthy Island
      - North Bank
      - Upper River
      - Western
-
  name: Georgia
  cities:
      - Abashis Raioni
      - Abkhazia
      - Adigenis Raioni
      - Ajaria
      - Akhalgoris Raioni
      - Akhalk alakis Raioni
      - Akhalts ikhis Raioni
      - Akhmetis Raioni
      - Ambrolauris Raioni
      - Aspindzis Raioni
      - Baghdat is Raioni
      - Bolnisis Raioni
      - Borjomis Raioni
      - Ch khorotsqus Raioni
      - Ch okhatauris Raioni
      - Chiat ura
      - Dedop listsqaros Raioni
      - Dmanisis Raioni
      - Dushet is Raioni
      - Gardabanis Raioni
      - Gori
      - Goris Raioni
      - Gurjaanis Raioni
      - Javis Raioni
      - K arelis Raioni
      - K ut aisi
      - Kaspis Raioni
      - Kharagaulis Raioni
      - Khashuris Raioni
      - Khobis Raioni
      - Khonis Raioni
      - Lagodekhis Raioni
      - Lanch khut is Raioni
      - Lentekhis Raioni
      - Marneulis Raioni
      - Martvilis Raioni
      - Mestiis Raioni
      - Mts khet is Raioni
      - Ninotsmindis Raioni
      - Onis Raioni
      - Ozurget is Raioni
      - P ot i
      - Qazbegis Raioni
      - Qvarlis Raioni
      - Rust avi
      - Sach kheris Raioni
      - Sagarejos Raioni
      - Samtrediis Raioni
      - Senakis Raioni
      - Sighnaghis Raioni
      - T bilisi
      - T elavis Raioni
      - T erjolis Raioni
      - T et ritsqaros Raioni
      - T ianet is Raioni
      - Tqibuli
      - Ts ageris Raioni
      - Tsalenjikhis Raioni
      - Tsalkis Raioni
      - Tsqaltubo
      - Vanis Raioni
      - Zestap onis Raioni
      - Zugdidi
      - Zugdidis Raioni
-
  name: Ghana
  cities:
      - Ashanti
      - Brong-Ahafo
      - Central
      - Eastern
      - Greater Accra
      - Northern
      - Upper East
      - Upper West
      - Volta
      - Western
-
  name: Gibraltar
  cities:
      - Gibraltar (General)
-
  name: Granada
  cities:
      - Saint Andrew
      - Saint David
      - Saint George
      - Saint John
      - Saint Mark
      - Saint Patrick
-
  name: Grecia
  cities:
      - Aitolia kai Akarnania
      - Akhaia
      - Argolis
      - Arkadhia
      - Arta
      - Attiki
      - Dhodhekanisos
      - Drama
      - Evritania
      - Evros
      - Evvoia
      - Florina
      - Fokis
      - Fthiotis
      - Grevena
      - Ilia
      - Imathia
      - Ioannina
      - Iraklion
      - Kardhitsa
      - Kastoria
      - Kavala
      - Kefallinia
      - Kerkira
      - Khalkidhiki
      - Khania
      - Khios
      - Kikladhes
      - Kilkis
      - Korinthia
      - Kozani
      - Lakonia
      - Larisa
      - Lasithi
      - Lesvos
      - Levkas
      - Magnisia
      - Messinia
      - Pella
      - Pieria
      - Preveza
      - Rethimni
      - Rodhopi
      - Samos
      - Serrai
      - Thesprotia
      - Thessaloniki
      - Trikala
      - Voiotia
      - Xanthi
      - Zakinthos
-
  name: Groenlandia
  cities:
      - Nordgronland
      - Ostgronland
      - Vestgronland
-
  name: Guadalupe
  cities:
      - Guadeloupe Departement
-
  name: Guam
  cities:
      - Guam (General)
-
  name: Guatemala
  cities:
      - Alta Verapaz
      - Baja Verapaz
      - Chimaltenango
      - Chiquimula
      - El Progreso
      - Escuintla
      - Guatemala
      - Huehuetenango
      - Izabal
      - Jalapa
      - Jutiapa
      - Peten
      - Quetzaltenango
      - Quiche
      - Retalhuleu
      - Sacatepequez
      - San Marcos
      - Santa Rosa
      - Solola
      - Suchitepequez
      - Totonicapan
      - Zacapa
-
  name: Guinea
  cities:
      - Beyla
      - Boffa
      - Boke
      - Conakry
      - Coyah
      - Dabola
      - Dalaba
      - Dinguiraye
      - Dubreka
      - Faranah
      - Forecariah
      - Fria
      - Gaoual
      - Gueckedou
      - Kankan
      - Kerouane
      - Kindia
      - Kissidougou
      - Koubia
      - Koundara
      - Kouroussa
      - Labe
      - Lelouma
      - Lola
      - Macenta
      - Mali
      - Mamou
      - Mandiana
      - Nzerekore
      - Pita
      - Siguiri
      - Telimele
      - Tougue
      - Yomou
-
  name: Guinea Ecuatorial
  cities:
      - Annobon
      - Bioko Norte
      - Bioko Sur
      - Centro Sur
      - Kie-Ntem
      - Litoral
      - Wele-Nzas
-
  name: Guinea-Bissau
  cities:
      - Bafata
      - Biombo
      - Bissau
      - Bolama
      - Cacheu
      - Gabu
      - Oio
      - Quinara
      - Tombali
-
  name: Guyana
  cities:
      - Barima-Waini
      - Cuyuni-Mazaruni
      - Demerara-Mahaica
      - East Berbice-Corentyne
      - Essequibo Islands-West Demerara
      - Mahaica-Berbice
      - Pomeroon-Supenaam
      - Potaro-Siparuni
      - Upper Demerara-Berbice
      - Upper Takutu-Upper Essequibo
-
  name: Haiti
  cities:
      - Artibonite
      - Centre
      - Grand Anse
      - Nord
      - Nord-Est
      - Nord-Ouest
      - Ouest
      - Sud
      - Sud-Est
-
  name: Heard Island and McDonald Isla
  cities:
      - Heard Island and McDonald Islands (General)
-
  name: Holanda
  cities:
      - Drenthe
      - Dronten
      - Flevoland
      - Friesland
      - Gelderland
      - Groningen
      - Lelystad
      - Limburg
      - Noord-Brabant
      - Noord-Holland
      - Overijssel
      - Overijssel
      - Utrecht
      - Zeeland
      - Zuid-Holland
      - Zuidelijke IJsselmeerpolders
-
  name: Honduras
  cities:
      - Atlantida
      - Choluteca
      - Colon
      - Comayagua
      - Copan
      - Cortes
      - El Paraiso
      - Francisco Morazan
      - Gracias a Dios
      - Intibuca
      - Islas de la Bahia
      - La Paz
      - Lempira
      - Ocotepeque
      - Olancho
      - Santa Barbara
      - Valle
      - Yoro
-
  name: Hong Kong
  cities:
      - Hong Kong (General)
-
  name: Hungria
  cities:
      - Bacs-Kiskun
      - Baranya
      - Bekes
      - Bekescsaba
      - Borsod-Abauj-Zemplen
      - Budapest
      - Csongrad
      - Debrecen
      - Dunaujvaros
      - Eger
      - Fejer
      - Gyor
      - Gyor-Moson-Sopron
      - Hajdu-Bihar
      - Heves
      - Hodmezovasarhely
      - Jasz-Nagykun-Szolnok
      - Kaposvar
      - Kecskemet
      - Komarom-Esztergom
      - Miskolc
      - Nagykanizsa
      - Nograd
      - Nyiregyhaza
      - Pecs
      - Pest
      - Somogy
      - Sopron
      - Szabolcs-Szatmar-Bereg
      - Szeged
      - Szekesfehervar
      - Szolnok
      - Szombathely
      - Tatabanya
      - Tolna
      - Vas
      - Veszprem
      - Veszprem
      - Zala
      - Zalaegerszeg
-
  name: India
  cities:
      - Andaman and Nicobar Islands
      - Andhra Pradesh
      - Arunachal Pradesh
      - Assam
      - Bihar
      - Chandigarh
      - Chhattisgarh
      - Dadra and Nagar Haveli
      - Daman and Diu
      - Delhi
      - Goa
      - Gujarat
      - Haryana
      - Himachal Pradesh
      - Jammu and Kashmir
      - Jharkhand
      - Karnataka
      - Kerala
      - Lakshadweep
      - Madhya Pradesh
      - Maharashtra
      - Manipur
      - Meghalaya
      - Mizoram
      - Nagaland
      - Orissa
      - Pondicherry
      - Punjab
      - Rajasthan
      - Sikkim
      - Tamil Nadu
      - Tripura
      - Uttar Pradesh
      - Uttaranchal
      - West Bengal
-
  name: Indonesia
  cities:
      - Aceh
      - Bali
      - Banten
      - Bengkulu
      - Gorontalo
      - Jakarta Raya
      - Jambi
      - Jawa Barat
      - Jawa Tengah
      - Jawa Timur
      - Kalimantan Barat
      - Kalimantan Selatan
      - Kalimantan Tengah
      - Kalimantan Timur
      - Kepulauan Bangka Belitung
      - Lampung
      - Maluku
      - Maluku Province
      - Maluku Utara
      - Nusa Tenggara Barat
      - Nusa Tenggara Timur
      - Papua
      - Riau
      - Sulawesi Selatan
      - Sulawesi Tengah
      - Sulawesi Tenggara
      - Sulawesi Utara
      - Sumatera Barat
      - Sumatera Selatan
      - Sumatera Utara
      - Yogyakarta
-
  name: Iraq
  cities:
      - Al Anbar
      - Al Basrah
      - Al Muthanna
      - Al Qadisiyah
      - An Najaf
      - Arbil
      - As Sulaymaniyah
      - At Tamim
      - Babil
      - Baghdad
      - Dahuk
      - Dhi Qar
      - Diyala
      - Karbala
      - Maysan
      - Ninawa
      - Salah ad Din
      - Wasit
-
  name: Irlanda
  cities:
      - Carlow
      - Cavan
      - Clare
      - Cork
      - Donegal
      - Dublin
      - Galway
      - Kerry
      - Kildare
      - Kilkenny
      - Laois
      - Leitrim
      - Limerick
      - Longford
      - Louth
      - Mayo
      - Meath
      - Monaghan
      - Offaly
      - Roscommon
      - Sligo
      - Tipperary
      - Waterford
      - Westmeath
      - Wexford
      - Wicklow
-
  name: Isalas Cocos
  cities:
      - Cocos (Keeling) Islands (General)
-
  name: Isla Christmas
  cities:
      - Christmas Island (General)
-
  name: Islandia
  cities:
      - Akranes
      - Akureyri
      - Arnessysla
      - Austur-Bardastrandarsysla
      - Austur-Hunavatnssysla
      - Austur-Skaftafellssysla
      - Borgarfjardarsysla
      - Dalasysla
      - Eyjafjardarsysla
      - Gullbringusysla
      - Hafnarfjordur
      - Husavik
      - Isafjordur
      - Keflavik
      - Kjosarsysla
      - Kopavogur
      - Myrasysla
      - Neskaupstadur
      - Nordur-Isafjardarsysla
      - Nordur-Mulasysla
      - Nordur-Tingeyjarsysla
      - Olafsfjordur
      - Rangarvallasysla
      - Reykjavik
      - Saudarkrokur
      - Seydisfjordur
      - Siglufjordur
      - Skagafjardarsysla
      - Snafellsnes- og Hnappadalssysla
      - Strandasysla
      - Sudur-Mulasysla
      - Sudur-Tingeyjarsysla
      - Vestmannaeyjar
      - Vestur-Bardastrandarsysla
      - Vestur-Hunavatnssysla
      - Vestur-Isafjardarsysla
      - Vestur-Skaftafellssysla
-
  name: Islas Caiman
  cities:
      - Creek
      - Eastern
      - Midland
      - South Town
      - Spot Bay
      - Stake Bay
      - West End
      - Western
-
  name: Islas Cook
  cities:
      - Cook Islands (General)
-
  name: Islas Feroe
  cities:
      - F?r?erne
-
  name: Islas Malvinas
  cities:
      - Falkland Islands (Malvinas) (General)
-
  name: Islas Marshall
  cities:
      - Marshall Islands (General)
-
  name: Islas Mauricio
  cities:
      - Agalega Islands
      - Black River
      - Cargados Carajos
      - Flacq
      - Grand Port
      - Moka
      - Pamplemousses
      - Plaines Wilhems
      - Port Louis
      - Riviere du Rempart
      - Rodrigues
      - Savanne
-
  name: Islas Salomon
  cities:
      - Central
      - Guadalcanal
      - Isabel
      - Makira
      - Malaita
      - Temotu
      - Western
-
  name: Islas Sandwhich
  cities:
      - South Georgia and the South Sandwich Islands (General)
-
  name: Islas Turks y Caicos
  cities:
      - Turks and Caicos Islands (General)
-
  name: Islas Wallis y Futuna
  cities:
      - Wallis and Futuna (General)
-
  name: Israel
  cities:
      - HaDarom
      - HaMerkaz
      - HaZafon
      - Hefa
      - Tel Aviv
      - Yerushalayim
-
  name: Italia
  cities:
      - Abruzzi
      - Basilicata
      - Calabria
      - Campania
      - Emilia-Romagna
      - Friuli-Venezia Giulia
      - Italy (General)
      - Lazio
      - Liguria
      - Lombardia
      - Marche
      - Molise
      - Piemonte
      - Puglia
      - Sardegna
      - Sicilia
      - Toscana
      - Trentino-Alto Adige
      - Umbria
      - Valle d Aosta
      - Veneto
-
  name: Jamaica
  cities:
      - Clarendon
      - Hanover
      - Kingston
      - Manchester
      - Portland
      - Saint Andrew
      - Saint Ann
      - Saint Catherine
      - Saint Elizabeth
      - Saint James
      - Saint Mary
      - Saint Thomas
      - Trelawny
      - Westmoreland
-
  name: Japon
  cities:
      - Aichi
      - Akita
      - Aomori
      - Chiba
      - Ehime
      - Fukui
      - Fukuoka
      - Fukushima
      - Gifu
      - Gumma
      - Hiroshima
      - Hokkaido
      - Hyogo
      - Ibaraki
      - Ishikawa
      - Iwate
      - Kagawa
      - Kagoshima
      - Kanagawa
      - Kochi
      - Kumamoto
      - Kyoto
      - Mie
      - Miyagi
      - Miyazaki
      - Nagano
      - Nagasaki
      - Nara
      - Niigata
      - Oita
      - Okayama
      - Okinawa
      - Osaka
      - Saga
      - Saitama
      - Shiga
      - Shimane
      - Shizuoka
      - Tochigi
      - Tokushima
      - Tokyo
      - Tottori
      - Toyama
      - Wakayama
      - Yamagata
      - Yamaguchi
      - Yamanashi
-
  name: Jordania
  cities:
      - Al Balqa
      - Al Karak
      - Al Mafraq
      - Amman
      - At Tafilah
      - Az Zarqa
      - Irbid
      - Ma
-
  name: Kazakhstan
  cities:
      - Almaty
      - Almaty City
      - Aqmola
      - Astana City
      - Atyrau
      - Bayqonyr
      - East Kazakhstan
      - Mangghystau
      - North Kazakhstan
      - Pavlodar
      - Qaraghandy
      - Qostanay
      - Qyzylorda
      - South Kazakhstan
      - West Kazakhstan
      - Zhambyl
-
  name: Kenia
  cities:
      - Central
      - Coast
      - Eastern
      - Nairobi Area
      - North-Eastern
      - Nyanza
      - Rift Valley
      - Western
-
  name: Kiribati
  cities:
      - Gilbert Islands
      - Line Islands
      - Phoenix Islands
-
  name: Kuwait
  cities:
      - Al Ahmadi
      - Al Jahra
      - Al Kuwayt
      - Hawalli
-
  name: Kyrgyzstan
  cities:
      - Batken
      - Bishkek
      - Chuy
      - Jalal-Abad
      - Naryn
      - Osh
      - Osh
      - Talas
      - Ysyk-Kol
-
  name: Laos
  cities:
      - Attapu
      - Champasak
      - Houaphan
      - Khammouan
      - Louang Namtha
      - Louangphrabang
      - Oudomxai
      - Phongsali
      - Saravan
      - Savannakhet
      - Vientiane
      - Xaignabouri
      - Xiangkhoang
-
  name: Latvia
  cities:
      - Aizkraukles
      - Aluksnes
      - Balvu
      - Bauskas
      - Daugavpils
      - Daugavpils
      - Dobeles
      - Gulbenes
      - Jelgava
      - Jelgavas
      - Jurmala
      - Kuldigas
      - Limbazu
      - Ludzas
      - Madonas
      - Ogres
      - Preilu
      - Riga
      - Rigas
      - Saldus
      - Talsu
      - Tukuma
      - Valkas
      - Valmieras
      - Ventspils
      - Ventspils
-
  name: Lesoto
  cities:
      - Berea
      - Butha-Buthe
      - Leribe
      - Mafeteng
      - Maseru
      - Mohales Hoek
      - Mokhotlong
      - Qachas Nek
      - Quthing
      - Thaba-Tseka
-
  name: Liberia
  cities:
      - Bong
      - Grand Bassa
      - Grand Cape Mount
      - Grand Jide
      - Lofa
      - Maryland
      - Monrovia
      - Montserrado
      - Nimba
      - Sino
-
  name: Libia
  cities:
      - Ajdabiya
      - Al
      - Al Fatih
      - Al Jabal al Akhdar
      - Al Jufrah
      - Al Khums
      - Al Kufrah
      - An Nuqat al Khams
      - Ash Shati
      - Awbari
      - Az Zawiyah
      - Banghazi
      - Darnah
      - Ghadamis
      - Gharyan
      - Misratah
      - Murzuq
      - Sabha
      - Sawfajjin
      - Surt
      - Tarabulus
      - Tarhunah
      - Tubruq
      - Yafran
      - Zlitan
-
  name: Liechtenstein
  cities:
      - Balzers
      - Eschen
      - Gamprin
      - Mauren
      - Planken
      - Ruggell
      - Schaan
      - Schellenberg
      - Triesen
      - Triesenberg
      - Vaduz
-
  name: Lituania
  cities:
      - Alytaus Apskritis
      - Kauno Apskritis
      - Klaipedos Apskritis
      - Marijampoles Apskritis
      - Panevezio Apskritis
      - Siauliu Apskritis
      - Taurages Apskritis
      - Telsiu Apskritis
      - Utenos Apskritis
      - Vilniaus Apskritis
-
  name: Luxemburgo
  cities:
      - Diekirch
      - Grevenmacher
      - Luxembourg
-
  name: Libano
  cities:
      - Beqaa
      - Beyrouth
      - Liban-Nord
      - Liban-Sud
      - Mont-Liban
      - Nabatiye
-
  name: Macao
  cities:
      - Ilhas
      - Macau
-
  name: Macedonia
  cities:
      - Aracinovo
      - Bac
      - Belcista
      - Berovo
      - Bistrica
      - Bitola
      - Blatec
      - Bogdanci
      - Bogomila
      - Bogovinje
      - Bosilovo
      - Brvenica
      - Cair
      - Capari
      - Caska
      - Cegrane
      - Centar
      - Centar Zupa
      - Cesinovo
      - Cucer-Sandevo
      - Debar
      - Delcevo
      - Delogozdi
      - Demir Hisar
      - Demir Kapija
      - Dobrusevo
      - Dolna Banjica
      - Dolneni
      - Dorce Petrov
      - Drugovo
      - Dzepciste
      - Gazi Baba
      - Gevgelija
      - Gostivar
      - Gradsko
      - Ilinden
      - Izvor
      - Jegunovce
      - Kamenjane
      - Karbinci
      - Karpos
      - Kavadarci
      - Kicevo
      - Kisela Voda
      - Klecevce
      - Kocani
      - Konce
      - Kondovo
      - Konopiste
      - Kosel
      - Kratovo
      - Kriva Palanka
      - Krivogastani
      - Krusevo
      - Kuklis
      - Kukurecani
      - Kumanovo
      - Labunista
      - Lipkovo
      - Lozovo
      - Lukovo
      - Makedonska Kamenica
      - Makedonski Brod
      - Mavrovi Anovi
      - Meseista
      - Miravci
      - Mogila
      - Murtino
      - Negotino
      - Negotino-Polosko
      - Novaci
      - Novo Selo
      - Oblesevo
      - Ohrid
      - Orasac
      - Orizari
      - Oslomej
      - Pehcevo
      - Petrovec
      - Plasnica
      - Podares
      - Prilep
      - Probistip
      - Radovis
      - Rankovce
      - Resen
      - Rosoman
      - Rostusa
      - Samokov
      - Saraj
      - Sipkovica
      - Sopiste
      - Sopotnica
      - Srbinovo
      - Star Dojran
      - Staravina
      - Staro Nagoricane
      - Stip
      - Struga
      - Strumica
      - Studenicani
      - Suto Orizari
      - Sveti Nikole
      - Tearce
      - Tetovo
      - Topolcani
      - Valandovo
      - Vasilevo
      - Veles
      - Velesta
      - Vevcani
      - Vinica
      - Vitoliste
      - Vranestica
      - Vrapciste
      - Vratnica
      - Vrutok
      - Zajas
      - Zelenikovo
      - Zelino
      - Zitose
      - Zletovo
      - Zrnovci
      - Ilhas
      - Macau
-
  name: Madagascar
  cities:
      - Antananarivo
      - Antsiranana
      - Fianarantsoa
      - Mahajanga
      - Toamasina
      - Toliara
-
  name: Malasia
  cities:
      - Johor
      - Kedah
      - Kelantan
      - Labuan
      - Melaka
      - Negeri Sembilan
      - Pahang
      - Perak
      - Perlis
      - Pulau Pinang
      - Sabah
      - Sarawak
      - Selangor
      - Terengganu
      - Wilayah Persekutuan
-
  name: Malaui
  cities:
      - Balaka
      - Blantyre
      - Chikwawa
      - Chiradzulu
      - Chitipa
      - Dedza
      - Dowa
      - Karonga
      - Kasungu
      - Likoma
      - Lilongwe
      - Machinga
      - Mangochi
      - Mchinji
      - Mulanje
      - Mwanza
      - Mzimba
      - Nkhata Bay
      - Nkhotakota
      - Nsanje
      - Ntcheu
      - Ntchisi
      - Phalombe
      - Rumphi
      - Salima
      - Thyolo
      - Zomba
-
  name: Maldivas
  cities:
      - Aliff
      - Baa
      - Daalu
      - Faafu
      - Gaafu Aliff
      - Gaafu Daalu
      - Haa Aliff
      - Haa Daalu
      - Kaafu
      - Laamu
      - Laviyani
      - Male
      - Meemu
      - Naviyani
      - Noonu
      - Raa
      - Seenu
      - Shaviyani
      - Thaa
      - Waavu
-
  name: Malta
  cities:
      - Malta (General)
-
  name: Mali
  cities:
      - Bamako
      - Gao
      - Kayes
      - Kidal
      - Koulikoro
      - Mopti
      - Segou
      - Sikasso
      - Tombouctou
-
  name: Marruecos
  cities:
      - Agadir
      - Al Hoceima
      - Azilal
      - Ben Slimane
      - Beni Mellal
      - Boulemane
      - Casablanca
      - Chaouen
      - El Jadida
      - El Kelaa des Srarhna
      - Er Rachidia
      - Essaouira
      - Fes
      - Figuig
      - Guelmim
      - Ifrane
      - Kenitra
      - Khemisset
      - Khenifra
      - Khouribga
      - Laayoune
      - Larache
      - Marrakech
      - Meknes
      - Nador
      - Ouarzazate
      - Oujda
      - Rabat-Sale
      - Safi
      - Settat
      - Sidi Kacem
      - Tan-Tan
      - Tanger
      - Taounate
      - Taroudannt
      - Tata
      - Taza
      - Tetouan
      - Tiznit
-
  name: Martinique
  cities:
      - Martinique Departement
-
  name: Mauritania
  cities:
      - Adrar
      - Assaba
      - Brakna
      - Dakhlet Nouadhibou
      - Gorgol
      - Guidimaka
      - Hodh Ech Chargui
      - Hodh El Gharbi
      - Inchiri
      - Tagant
      - Tiris Zemmour
      - Trarza
-
  name: Mayotte
  cities:
      - Mayotte (General)
-
  name: Micronesia
  cities:
      - Chuuk
      - Kosrae
      - Pohnpei
      - Yap
-
  name: Moldavia
  cities:
      - Balti
      - Cahul
      - Chisinau
      - Edinet
      - Gagauzia
      - Lapusna
      - Orhei
      - Soroca
      - Stinga Nistrului
      - Tighina
      - Ungheni
-
  name: Mongolia
  cities:
      - Arhangay
      - Bayan-Olgiy
      - Bayanhongor
      - Bulgan
      - Darhan
      - Darhan Uul
      - Dornod
      - Dornogovi
      - Dundgovi
      - Dzavhan
      - Erdenet
      - Govi-Altay
      - Govi-Sumber
      - Hentiy
      - Hovd
      - Hovsgol
      - Omnogovi
      - Orhon
      - Ovorhangay
      - Selenge
      - Suhbaatar
      - Tov
      - Ulaanbaatar
      - Uvs
-
  name: Montserrat
  cities:
      - Saint Anthony
      - Saint Georges
      - Saint Peter
-
  name: Mozambique
  cities:
      - Cabo Delgado
      - Gaza
      - Inhambane
      - Manica
      - Maputo
      - Nampula
      - Niassa
      - Sofala
      - Tete
      - Zambezia
-
  name: Myanmar
  cities:
      - Chin State
      - Irrawaddy
      - Kachin State
      - Karan State
      - Kayah State
      - Magwe
      - Mandalay
      - Mon State
      - Pegu
      - Rakhine State
      - Rangoon
      - Sagaing
      - Shan State
      - Tenasserim
      - Yangon
-
  name: Mexico
  cities:
      - Aguascalientes
      - Baja California
      - Baja California Sur
      - Campeche
      - Chiapas
      - Chihuahua
      - Coahuila de Zaragoza
      - Colima
      - Distrito Federal
      - Durango
      - Guanajuato
      - Guerrero
      - Hidalgo
      - Jalisco
      - Mexico
      - Michoacan de Ocampo
      - Morelos
      - Nayarit
      - Nuevo Leon
      - Oaxaca
      - Puebla
      - Queretaro de Arteaga
      - Quintana Roo
      - San Luis Potosi
      - Sinaloa
      - Sonora
      - Tabasco
      - Tamaulipas
      - Tlaxcala
      - Veracruz-Llave
      - Yucatan
      - Zacatecas
-
  name: Monaco
  cities:
      - La Condamine
      - Monaco
      - Monte-Carlo
-
  name: Namibia
  cities:
      - Bethanien
      - Boesmanland
      - Caprivi
      - Caprivi Oos
      - Damaraland
      - Erongo
      - Gobabis
      - Grootfontein
      - Hardap
      - Hereroland Oos
      - Hereroland Wes
      - Kaokoland
      - Karas
      - Karasburg
      - Karibib
      - Kavango
      - Keetmanshoop
      - Khomas Region
      - Kunene
      - Luderitz
      - Maltahohe
      - Mariental
      - Namaland
      - Ohangwena
      - Okahandja
      - Okavango
      - Omaheke
      - Omaruru
      - Omusati
      - Oshana
      - Oshikoto
      - Otjiwarongo
      - Otjozondjupa
      - Outjo
      - Owambo
      - Rehoboth
      - Swakopmund
      - Tsumeb
      - Windhoek
-
  name: Nauru
  cities:
      - Aiwo
      - Anabar
      - Anetan
      - Anibare
      - Baiti
      - Boe
      - Buada
      - Denigomodu
      - Ewa
      - Ijuw
      - Meneng
      - Nibok
      - Uaboe
      - Yaren
-
  name: Nepal
  cities:
      - Bagmati
      - Bheri
      - Bagmati Zone
      - Dhawalagiri
      - Gandaki
      - Janakpur
      - Karnali
      - Kosi
      - Lumbini
      - Mahakali
      - Mechi
      - Narayani
      - Rapti
      - Sagarmatha
      - Seti
-
  name: Nicaragua
  cities:
      - Boaco
      - Carazo
      - Chinandega
      - Chontales
      - Esteli
      - Granada
      - Jinotega
      - Leon
      - Madriz
      - Managua
      - Masaya
      - Matagalpa
      - Nueva Segovia
      - Rio San Juan
      - Rivas
      - Zelaya
-
  name: Nigeria
  cities:
      - Abia
      - Abuja Capital Territory
      - Adamawa
      - Akwa Ibom
      - Anambra
      - Bauchi
      - Bayelsa
      - Benue
      - Borno
      - Cross River
      - Delta
      - Ebonyi
      - Edo
      - Ekiti
      - Enugu
      - Gombe
      - Imo
      - Jigawa
      - Kaduna
      - Kano
      - Katsina
      - Kebbi
      - Kogi
      - Kwara
      - Lagos
      - Nassarawa
      - Niger
      - Ogun
      - Ondo
      - Ondo
      - Osun
      - Oyo
      - Plateau
      - Rivers
      - Rivers
      - Sokoto
      - Taraba
      - Yobe
      - Zamfara
-
  name: Niue
  cities:
      - Niue (General)
-
  name: Norfolk Island
  cities:
      - Norfolk Island (General)
-
  name: Northern Mariana Islands
  cities:
      - Northern Mariana Islands (General)
-
  name: Noruega
  cities:
      - Akershus
      - Aust-Agder
      - Buskerud
      - Finnmark
      - Hedmark
      - Hordaland
      - More og Romsdal
      - Nord-Trondelag
      - Nordland
      - Oppland
      - Oslo
      - Ostfold
      - Rogaland
      - Sogn og Fjordane
      - Sor-Trondelag
      - Telemark
      - Troms
      - Vest-Agder
      - Vestfold
-
  name: Nueva Caledonia
  cities:
      - Nouvelle-Caledonie
-
  name: Nueva Zelanda
  cities:
      - Akaroa
      - Amuri
      - Ashburton
      - Bay of Islands
      - Bruce
      - Buller
      - Chatham Islands
      - Cheviot
      - Clifton
      - Clutha
      - Cook
      - Dannevirke
      - Egmont
      - Eketahuna
      - Ellesmere
      - Eltham
      - Eyre
      - Featherston
      - Franklin
      - Golden Bay
      - Great Barrier Island
      - Grey
      - Hauraki Plains
      - Hawera
      - Hawkes Bay
      - Heathcote
      - Hikurangi
      - Hobson
      - Hokianga
      - Horowhenua
      - Hurunui
      - Hutt
      - Inangahua
      - Inglewood
      - Kaikoura
      - Kairanga
      - Kiwitea
      - Lake
      - Mackenzie
      - Malvern
      - Manaia
      - Manawatu
      - Mangonui
      - Maniototo
      - Marlborough
      - Masterton
      - Matamata
      - Mount Herbert
      - Ohinemuri
      - Opotiki
      - Oroua
      - Otamatea
      - Otorohanga
      - Oxford
      - Pahiatua
      - Paparua
      - Patea
      - Piako
      - Pohangina
      - Raglan
      - Rangiora
      - Rangitikei
      - Rodney
      - Rotorua
      - Runanga
      - Saint Kilda
      - Silverpeaks
      - Southland
      - Stewart Island
      - Stratford
      - Strathallan
      - Taranaki
      - Taumarunui
      - Taupo
      - Tauranga
      - Thames-Coromandel
      - Tuapeka
      - Vincent
      - Waiapu
      - Waiheke
      - Waihemo
      - Waikato
      - Waikohu
      - Waimairi
      - Waimarino
      - Waimate
      - Waimate West
      - Waimea
      - Waipa
      - Waipawa
      - Waipukurau
      - Wairarapa South
      - Wairewa
      - Wairoa
      - Waitaki
      - Waitomo
      - Waitotara
      - Wallace
      - Wanganui
      - Waverley
      - Westland
      - Whakatane
      - Whangarei
      - Whangaroa
      - Woodville
-
  name: Niger
  cities:
      - Agadez
      - Diffa
      - Dosso
      - Maradi
      - Niamey
      - Tahoua
      - Zinder
-
  name: Oman
  cities:
      - Ad Dakhiliyah
      - Al Batinah
      - Al Wusta
      - Ash Sharqiyah
      - Az Zahirah
      - Masqat
      - Musandam
      - Zufar
-
  name: Pakistan
  cities:
      - Azad Kashmir
      - Balochistan
      - Federally Administered Tribal Areas
      - Islamabad
      - North-West Frontier
      - Northern Areas
      - Punjab
      - Sindh
-
  name: Palau
  cities:
      - Palau (General)
-
  name: Palestinian Territory
  cities:
      - Palestinian Territory (General)
-
  name: Panama
  cities:
      - Bocas del Toro
      - Chiriqui
      - Cocle
      - Colon
      - Darien
      - Herrera
      - Los Santos
      - Panama
      - San Blas
      - Veraguas
-
  name: Papua Nueva Guinea
  cities:
      - Central
      - Chimbu
      - East New Britain
      - East Sepik
      - Eastern Highlands
      - Enga
      - Gulf
      - Madang
      - Manus
      - Milne Bay
      - Morobe
      - National Capital
      - New Ireland
      - North Solomons
      - Northern
      - Sandaun
      - Southern Highlands
      - West New Britain
      - Western
      - Western Highlands
-
  name: Paraguay
  cities:
      - Alto Paraguay
      - Alto Parana
      - Amambay
      - Boqueron
      - Caaguazu
      - Caazapa
      - Canindeyu
      - Central
      - Chaco
      - Concepcion
      - Cordillera
      - Guaira
      - Itapua
      - Misiones
      - Neembucu
      - Nueva Asuncion
      - Paraguari
      - Presidente Hayes
      - San Pedro
-
  name: Peru
  cities:
      - Amazonas
      - Ancash
      - Apurimac
      - Arequipa
      - Ayacucho
      - Cajamarca
      - Callao
      - Cusco
      - Huancavelica
      - Huanuco
      - Ica
      - Junin
      - La Libertad
      - Lambayeque
      - Lima
      - Loreto
      - Madre de Dios
      - Moquegua
      - Pasco
      - Piura
      - Puno
      - San Martin
      - Tacna
      - Tumbes
      - Ucayali
-
  name: Pitcairn
  cities:
      - Pitcairn (General)
-
  name: Polonia
  cities:
      - Biala Podlaska
      - Bialystok
      - Bielsko
      - Bydgoszcz
      - Chelm
      - Ciechanow
      - Czestochowa
      - Dolnoslaskie
      - Elblag
      - Gdansk
      - Gorzow
      - Jelenia Gora
      - Kalisz
      - Katowice
      - Kielce
      - Konin
      - Koszalin
      - Krakow
      - Krosno
      - Kujawsko-Pomorskie
      - Legnica
      - Leszno
      - Lodz
      - Lodzkie
      - Lomza
      - Lubelskie
      - Lublin
      - Lubuskie
      - Malopolskie
      - Mazowieckie
      - Nowy Sacz
      - Olsztyn
      - Opole
      - Opolskie
      - Ostroleka
      - Pila
      - Piotrkow
      - Plock
      - Podkarpackie
      - Podlaskie
      - Pomorskie
      - Poznan
      - Przemysl
      - Radom
      - Rzeszow
      - Siedlce
      - Sieradz
      - Skierniewice
      - Slaskie
      - Slupsk
      - Suwalki
      - Swietokrzyskie
      - Szczecin
      - Tarnobrzeg
      - Tarnow
      - Torun
      - Walbrzych
      - Warminsko-Mazurskie
      - Warszawa
      - Wielkopolskie
      - Wloclawek
      - Wroclaw
      - Zachodniopomorskie
      - Zamosc
      - Zielona Gora
-
  name: Portugal
  cities:
      - Aveiro
      - Azores
      - Beja
      - Braga
      - Braganca
      - Castelo Branco
      - Coimbra
      - Evora
      - Faro
      - Guarda
      - Leiria
      - Lisboa
      - Madeira
      - Portalegre
      - Porto
      - Santarem
      - Setubal
      - Viana do Castelo
      - Vila Real
      - Viseu
-
  name: Puerto Rico
  cities:
      - Puerto Rico (General)
-
  name: Qatar
  cities:
      - Ad Dawhah
      - Al Ghuwariyah
      - Al Jumaliyah
      - Al Khawr
      - Al Wakrah
      - Al Wakrah Municipality
      - Ar Rayyan
      - Jariyan al Batnah
      - Madinat ach Shamal
      - Umm Said
      - Umm Salal
-
  name: Reino Unido
  cities:
      - Aberdeen City
      - Aberdeenshire
      - Angus
      - Antrim
      - Ards
      - Argyll and Bute
      - Armagh
      - Avon
      - Ballymena
      - Ballymoney
      - Banbridge
      - Barking and Dagenham
      - Barnet
      - Barnsley
      - Bath and North East Somerset
      - Bedfordshire
      - Belfast
      - Berkshire
      - Bexley
      - Birmingham
      - Blackburn with Darwen
      - Blackpool
      - Blaenau Gwent
      - Bolton
      - Bournemouth
      - Bracknell Forest
      - Bradford
      - Brent
      - Bridgend
      - Brighton and Hove
      - Bristol, City of
      - Bromley
      - Buckinghamshire
      - Bury
      - Caerphilly
      - Calderdale
      - Cambridgeshire
      - Camden
      - Cardiff
      - Carmarthenshire
      - Carrickfergus
      - Castlereagh
      - Central
      - Ceredigion
      - Cheshire
      - Clackmannanshire
      - Cleveland
      - Clwyd
      - Coleraine
      - Conwy
      - Cookstown
      - Cornwall
      - Coventry
      - Craigavon
      - Croydon
      - Cumbria
      - Darlington
      - Denbighshire
      - Derby
      - Derbyshire
      - Derry
      - Devon
      - Doncaster
      - Dorset
      - Down
      - Dudley
      - Dumfries and Galloway
      - Dundee City
      - Dungannon
      - Durham
      - Dyfed
      - Ealing
      - East Ayrshire
      - East Dunbartonshire
      - East Lothian
      - East Renfrewshire
      - East Riding of Yorkshire
      - East Sussex
      - Edinburgh, City of
      - Eilean Siar
      - Enfield
      - Essex
      - Falkirk
      - Fermanagh
      - Fife
      - Flintshire
      - Gateshead
      - Glasgow City
      - Gloucestershire
      - Grampian
      - Greater London
      - Greater Manchester
      - Greenwich
      - Gwent
      - Gwynedd
      - Hackney
      - Halton
      - Hammersmith and Fulham
      - Hampshire
      - Haringey
      - Harrow
      - Hartlepool
      - Havering
      - Hereford and Worcester
      - Herefordshire
      - Hertford
      - Highland
      - Hillingdon
      - Hounslow
      - Humberside
      - Inverclyde
      - Isle of Anglesey
      - Isle of Wight
      - Islington
      - Kensington and Chelsea
      - Kent
      - Kingston upon Hull, City of
      - Kingston upon Thames
      - Kirklees
      - Knowsley
      - Lambeth
      - Lancashire
      - Larne
      - Leeds
      - Leicester
      - Leicestershire
      - Lewisham
      - Limavady
      - Lincolnshire
      - Lisburn
      - Liverpool
      - London, City of
      - Lothian
      - Luton
      - Magherafelt
      - Manchester
      - Medway
      - Merseyside
      - Merthyr Tydfil
      - Merton
      - Mid Glamorgan
      - Middlesbrough
      - Midlothian
      - Milton Keynes
      - Monmouthshire
      - Moray
      - Moyle
      - Neath Port Talbot
      - Newcastle upon Tyne
      - Newham
      - Newport
      - Newry and Mourne
      - Newtownabbey
      - Norfolk
      - North Ayrshire
      - North Down
      - North East Lincolnshire
      - North Lanarkshire
      - North Lincolnshire
      - North Somerset
      - North Tyneside
      - North Yorkshire
      - Northamptonshire
      - Northumberland
      - Nottingham
      - Nottinghamshire
      - Oldham
      - Omagh
      - Orkney
      - Oxfordshire
      - Pembrokeshire
      - Perth and Kinross
      - Peterborough
      - Plymouth
      - Poole
      - Portsmouth
      - Powys
      - Reading
      - Redbridge
      - Redcar and Cleveland
      - Renfrewshire
      - Rhondda Cynon Taff
      - Richmond upon Thames
      - Rochdale
      - Rotherham
      - Rutland
      - Salford
      - Sandwell
      - Scottish Borders
      - The Sefton
      - Sheffield
      - Shetland Islands
      - Shropshire
      - Slough
      - Solihull
      - Somerset
      - South Ayrshire
      - South Glamorgan
      - South Gloucestershire
      - South Lanarkshire
      - South Tyneside
      - South Yorkshire
      - Southampton
      - Southend-on-Sea
      - Southwark
      - St. Helens
      - Staffordshire
      - Stirling
      - Stockport
      - Stockton-on-Tees
      - Stoke-on-Trent
      - Strabane
      - Strathclyde
      - Suffolk
      - Sunderland
      - Surrey
      - Sutton
      - Swansea
      - Swindon
      - Tameside
      - Tayside
      - Telford and Wrekin
      - Thurrock
      - Torbay
      - Torfaen
      - Tower Hamlets
      - Trafford
      - Tyne and Wear
      - Vale of Glamorgan, The
      - Wakefield
      - Walsall
      - Waltham Forest
      - Wandsworth
      - Warrington
      - Warwickshire
      - West Berkshire
      - West Dunbartonshire
      - West Glamorgan
      - West Lothian
      - West Midlands
      - West Sussex
      - West Yorkshire
      - Westminster
      - Wigan
      - Wiltshire
      - Windsor and Maidenhead
      - Wirral
      - Wokingham
      - Wolverhampton
      - Worcestershire
      - Wrexham
      - York
-
  name: Republica Centroafricana
  cities:
      - Bamingui-Bangoran
      - Bangui
      - Basse-Kotto
      - Haut-Mbomou
      - Haute-Kotto
      - Kemo
      - Lobaye
      - Mambere-Kadei
      - Mbomou
      - Nana-Grebizi
      - Nana-Mambere
      - Ombella-Mpoko
      - Ouaka
      - Ouham
      - Ouham-Pende
      - Sangha-Mbaere
      - Vakaga
-
  name: Republica Checa
  cities:
      - Blansko
      - Breclav
      - Hlavni Mesto Praha
      - Hradec Kralove
      - Jablonec nad Nisou
      - Jiein
      - Jihlava
      - Jihocesky Kraj
      - Jihomoravsky Kraj
      - Karlovarsky Kraj
      - Kolin
      - Kralovehradecky Kraj
      - Liberec
      - Liberecky Kraj
      - Melnik
      - Mlada Boleslav
      - Moravskoslezsky Kraj
      - Nachod
      - Nymburk
      - Olomoucky Kraj
      - Pardubice
      - Pardubicky Kraj
      - Plzensky Kraj
      - Semily
      - Stredocesky Kraj
      - Trutnov
      - Ustecky Kraj
      - Vysocina
      - Zlinsky Kraj
-
  name: Republica Democratica del Cong
  cities:
      - Congo, The Democratic Republic of the (General)
-
  name: Republica Dominicana
  cities:
      - Azua
      - Baoruco
      - Barahona
      - Dajabon
      - Distrito Nacional
      - Duarte
      - El Seibo
      - Elias Pina
      - Espaillat
      - Hato Mayor
      - Independencia
      - La Altagracia
      - La Romana
      - La Vega
      - Maria Trinidad Sanchez
      - Monsenor Nouel
      - Monte Cristi
      - Monte Plata
      - Pedernales
      - Peravia
      - Puerto Plata
      - Salcedo
      - Samana
      - San Cristobal
      - San Juan
      - San Pedro De Macoris
      - Sanchez Ramirez
      - Santiago
      - Santiago Rodriguez
      - Valverde
-
  name: Republica Islamica de Iran
  cities:
      - Ardabil
      - Azarbayjan-e Bakhtari
      - Azarbayjan-e Khavari
      - Bakhtaran
      - Bushehr
      - Chahar Mahall va Bakhtiari
      - East Azarbaijan
      - Esfahan
      - Fars
      - Gilan
      - Golestan
      - Hamadan
      - Hormozgan
      - Ilam
      - Kerman
      - Khorasan
      - Khuzestan
      - Kohkiluyeh va Buyer Ahmadi
      - Kordestan
      - Lorestan
      - Markazi
      - Markazi
      - Mazandaran
      - Mazandaran
      - Qazvin
      - Qom
      - Semnan
      - Sistan va Baluchestan
      - Tehran
      - Yazd
      - Zanjan
      - Zanjan
-
  name: Ruanda
  cities:
      - Butare
      - Byumba
      - Cyangugu
      - Gikongoro
      - Gisenyi
      - Gitarama
      - Kibungo
      - Kibuye
      - Kigali
      - Ruhengeri
-
  name: Rumania
  cities:
      - Alba
      - Arad
      - Arges
      - Bacau
      - Bihor
      - Bistrita-Nasaud
      - Botosani
      - Braila
      - Brasov
      - Bucuresti
      - Buzau
      - Calarasi
      - Caras-Severin
      - Cluj
      - Constanta
      - Covasna
      - Dambovita
      - Dolj
      - Galati
      - Giurgiu
      - Gorj
      - Harghita
      - Hunedoara
      - Ialomita
      - Iasi
      - Ilfov
      - Maramures
      - Mehedinti
      - Mures
      - Neamt
      - Olt
      - Prahova
      - Salaj
      - Satu Mare
      - Sibiu
      - Suceava
      - Teleorman
      - Timis
      - Tulcea
      - Valcea
      - Vaslui
      - Vrancea
-
  name: Rusian
  cities:
      - Adygeya, Republic of
      - Aginsky Buryatsky AO
      - Altaisky krai
      - Amur
      - Arkhangel sk
      - Astrakhan
      - Bashkortostan
      - Belgorod
      - Bryansk
      - Buryat
      - Chechnya
      - Chechnya Republic
      - Chelyabinsk
      - Chita
      - Chukot
      - Chuvashia
      - Dagestan
      - Evenk
      - Gorno-Altay
      - Ingush
      - Irkutsk
      - Ivanovo
      - JA
      - Kabardin-Balkar
      - Kaliningrad
      - Kalmyk
      - Kaluga
      - Kamchatka
      - Karachay-Cherkess
      - Karelia
      - Kemerovo
      - Khabarovsk
      - Khakass
      - Khanty-Mansiy
      - Kirov
      - Komi
      - Komi-Permyak
      - Koryak
      - Kostroma
      - Krasnodar
      - Krasnoyarsk
      - Kurgan
      - Kursk
      - Leningrad
      - Lipetsk
      - Magadan
      - Mariy-El
      - Mordovia
      - Moscow City
      - Moskva
      - Murmansk
      - Nenets
      - Nizhegorod
      - North Ossetia
      - Novgorod
      - Novosibirsk
      - Omsk
      - Orel
      - Orenburg
      - Penza
      - Perm
      - Primor ye
      - Pskov
      - Rostov
      - Ryazan
      - Saint Petersburg City
      - Sakha
      - Sakhalin
      - Samara
      - Saratov
      - Smolensk
      - Stavropol
      - Sverdlovsk
      - Tambovskaya oblast
      - Tatarstan
      - Taymyr
      - Tomsk
      - Tula
      - Tuva
      - Tver
      - Tyumen
      - Udmurt
      - Ul yanovsk
      - Ust-Orda Buryat
      - Vladimir
      - Volgograd
      - Vologda
      - Voronezh
      - Yamal-Nenets
      - Yaroslavl
      - Yevrey
-
  name: Saint Kitts and Nevis
  cities:
      - Christ Church Nichola Town
      - Saint Anne Sandy Point
      - Saint George Basseterre
      - Saint George Gingerland
      - Saint James Windward
      - Saint John Capisterre
      - Saint John Figtree
      - Saint Mary Cayon
      - Saint Paul Capisterre
      - Saint Paul Charlestown
      - Saint Peter Basseterre
      - Saint Thomas Lowland
      - Saint Thomas Middle Island
      - Trinity Palmetto Point
-
  name: Saint Pierre y Miquelon
  cities:
      - Saint-Pierre et Miquelon Collectivite Territoriale
-
  name: Samoa
  cities:
      - Aiga-i-le-Tai
      - Atua
      - Fa
      - Gaga
      - Gagaifomauga
      - Palauli
      - Satupa
      - Tuamasaga
      - Va
      - Vaisigano
-
  name: San Marino
  cities:
      - Acquaviva
      - Borgo Maggiore
      - Chiesanuova
      - Domagnano
      - Faetano
      - Fiorentino
      - Monte Giardino
      - San Marino
      - Serravalle
-
  name: San Vicente y Las Granadinas
  cities:
      - Charlotte
      - Grenadines
      - Saint Andrew
      - Saint David
      - Saint George
      - Saint Patrick
-
  name: Santa Elena
  cities:
      - Ascension
      - Saint Helena
      - Tristan da Cunha
-
  name: Santa Lucia
  cities:
      - Anse-la-Raye
      - Castries
      - Choiseul
      - Dauphin
      - Dennery
      - Gros-Islet
      - Laborie
      - Micoud
      - Praslin
      - Soufriere
      - Vieux-Fort
-
  name: Sao Tome and Principe
  cities:
      - Principe
      - Sao Tome
-
  name: Senegal
  cities:
      - Dakar
      - Diourbel
      - Fatick
      - Kaolack
      - Kolda
      - Louga
      - Saint-Louis
      - Saint-Louis Region
      - Tambacounda
      - Thies
      - Ziguinchor
-
  name: Serbia y Montenegro
  cities:
      - Kosovo
      - Vojvodina
-
  name: Seychelles
  cities:
      - Anse Boileau
      - Anse Etoile
      - Anse Louis
      - Anse Royale
      - Anse aux Pins
      - Baie Lazare
      - Baie Sainte Anne
      - Beau Vallon
      - Bel Air
      - Bel Ombre
      - Cascade
      - Glacis
      - Grand Anse
      - Grand Anse
      - La Digue
      - La Riviere Anglaise
      - Mont Buxton
      - Mont Fleuri
      - Plaisance
      - Pointe La Rue
      - Port Glaud
      - Saint Louis
      - Takamaka
-
  name: Sierra Leona
  cities:
      - Eastern
      - Northern
      - Southern
      - Western Area
-
  name: Singapur
  cities:
      - Singapore (General)
-
  name: Siria
  cities:
      - Al Hasakah
      - Al Ladhiqiyah
      - Al Qunaytirah
      - Ar Raqqah
      - As Suwayda
      - Dar
      - Dayr az Zawr
      - Dimashq
      - Halab
      - Hamah
      - Hims
      - Idlib
      - Rif Dimashq
      - Tartus
-
  name: Somalia
  cities:
      - Bakool
      - Banaadir
      - Bari
      - Bay
      - Galguduud
      - Gedo
      - Hiiraan
      - Jubbada Dhexe
      - Jubbada Hoose
      - Mudug
      - Nugaal
      - Sanaag
      - Shabeellaha Dhexe
      - Shabeellaha Hoose
      - Togdheer
      - Woqooyi Galbeed
-
  name: Sri Lanka
  cities:
      - Amparai
      - Anuradhapura
      - Badulla
      - Batticaloa
      - Central Province
      - Colombo
      - Galle
      - Gampaha
      - Hambantota
      - Jaffna
      - Kalutara
      - Kandy
      - Kegalla
      - Kurunegala
      - Mannar
      - Matale
      - Matara
      - Moneragala
      - Mullaittivu
      - North Central Province
      - North Eastern Province
      - North Western Province
      - Nuwara Eliya
      - Polonnaruwa
      - Puttalam
      - Ratnapura
      - Sabaragamuwa Province
      - Southern Province
      - Trincomalee
      - Uva Province
      - Vavuniya
      - Western Province
-
  name: Suazilandia
  cities:
      - Hhohho
      - Lubombo
      - Manzini
      - Praslin
      - Shiselweni
-
  name: Sudafrica
  cities:
      - Eastern Cape
      - Free State
      - Gauteng
      - KwaZulu-Natal
      - Limpopo
      - Mpumalanga
      - North-West
      - Northern Cape
      - Western Cape
-
  name: Sudan
  cities:
      - Al Istiwaiyah
      - Al Khartum
      - Al Wusta
      - Ash Shamaliyah
      - Ash Sharqiyah
      - Bahr al Ghazal
      - Darfur
      - Kurdufan
-
  name: Suecia
  cities:
      - Alvsborgs Lan
      - Blekinge Lan
      - Dalarnas Lan
      - Gavleborgs Lan
      - Goteborgs och Bohus Lan
      - Gotlands Lan
      - Hallands Lan
      - Jamtlands Lan
      - Jonkopings Lan
      - Kalmar Lan
      - Kristianstads Lan
      - Kronobergs Lan
      - Malmohus Lan
      - Norrbottens Lan
      - Orebro Lan
      - Ostergotlands Lan
      - Skane Lan
      - Skaraborgs Lan
      - Sodermanlands Lan
      - Stockholms Lan
      - Uppsala Lan
      - Varmlands Lan
      - Vasterbottens Lan
      - Vasternorrlands Lan
      - Vastmanlands Lan
      - Vastra Gotaland
-
  name: Suiza
  cities:
      - Aargau
      - Ausser-Rhoden
      - Basel-Landschaft
      - Basel-Stadt
      - Bern
      - Fribourg
      - Geneve
      - Glarus
      - Graubunden
      - Inner-Rhoden
      - Jura
      - Luzern
      - Neuchatel
      - Nidwalden
      - Obwalden
      - Sankt Gallen
      - Schaffhausen
      - Schwyz
      - Solothurn
      - Thurgau
      - Ticino
      - Uri
      - Valais
      - Vaud
      - Zug
      - Zurich
-
  name: Surinam
  cities:
      - Brokopondo
      - Commewijne
      - Coronie
      - Marowijne
      - Nickerie
      - Para
      - Paramaribo
      - Saramacca
      - Sipaliwini
      - Wanica
-
  name: Svalbard and Jan Mayen
  cities:
      - Svalbard and Jan Mayen (General)
-
  name: Tailandia
  cities:
      - Ang Thong
      - Buriram
      - Chachoengsao
      - Chai Nat
      - Chaiyaphum
      - Chanthaburi
      - Chiang Mai
      - Chiang Rai
      - Chon Buri
      - Chumphon
      - Kalasin
      - Kamphaeng Phet
      - Kanchanaburi
      - Khon Kaen
      - Krabi
      - Krung Thep
      - Lampang
      - Lamphun
      - Loei
      - Lop Buri
      - Mae Hong Son
      - Maha Sarakham
      - Mukdahan
      - Nakhon Nayok
      - Nakhon Pathom
      - Nakhon Phanom
      - Nakhon Ratchasima
      - Nakhon Sawan
      - Nakhon Si Thammarat
      - Nan
      - Narathiwat
      - Nong Khai
      - Nonthaburi
      - Pathum Thani
      - Pattani
      - Phangnga
      - Phatthalung
      - Phayao
      - Phetchabun
      - Phetchaburi
      - Phichit
      - Phitsanulok
      - Phra Nakhon Si Ayutthaya
      - Phrae
      - Phuket
      - Prachin Buri
      - Prachuap Khiri Khan
      - Ranong
      - Ratchaburi
      - Rayong
      - Roi Et
      - Sakon Nakhon
      - Samut Prakan
      - Samut Sakhon
      - Samut Songkhram
      - Saraburi
      - Satun
      - Sing Buri
      - Sisaket
      - Songkhla
      - Sukhothai
      - Suphan Buri
      - Surat Thani
      - Surin
      - Tak
      - Trang
      - Trat
      - Ubon Ratchathani
      - Ubon Ratchathani Province
      - Udon Thani
      - Uthai Thani
      - Uttaradit
      - Yala
      - Yasothon
-
  name: Taiwan
  cities:
      - Fu-chien
      - Kao-hsiung
      - T ai-pei
      - T ai-wan
-
  name: Tajikistan
  cities:
      - Khatlon
      - Kuhistoni Badakhshon
      - Sughd
-
  name: Tanzania
  cities:
      - Arusha
      - Arusha Region
      - Dar es Salaam
      - Dodoma
      - Iringa
      - Kagera
      - Kigoma
      - Kilimanjaro
      - Lindi
      - Mara
      - Mbeya
      - Morogoro
      - Mtwara
      - Mwanza
      - Pemba North
      - Pemba South
      - Pwani
      - Rukwa
      - Ruvuma
      - Shinyanga
      - Singida
      - Tabora
      - Tanga
      - Zanzibar Central
      - Zanzibar North
      - Zanzibar Urban
-
  name: Togo
  cities:
      - Amlame
      - Aneho
      - Atakpame
      - Badou
      - Bafilo
      - Bassar
      - Dapaong
      - Kante
      - Klouto
      - Kpagouda
      - Lama-Kara
      - Lome
      - Mango
      - Maritime Region
      - Niamtougou
      - Notse
      - Sotouboua
      - Tabligbo
      - Tchamba
      - Tchaoudjo
      - Tsevie
      - Vogan
-
  name: Tonga
  cities:
      - Ha
      - Tongatapu
      - Vava
-
  name: Toquelau
  cities:
      - Tokelau (General)
-
  name: Trinidad y Tobago
  cities:
      - Arima
      - Caroni
      - Mayaro
      - Nariva
      - Port-of-Spain
      - Saint Andrew
      - Saint David
      - Saint George
      - Saint Patrick
      - San Fernando
      - Tobago
      - Victoria
-
  name: Turkmenistan
  cities:
      - Ahal
      - Balkan
      - Dashoguz
      - Lebap
      - Mary
-
  name: Turquia
  cities:
      - Adana
      - Adiyaman
      - Afyon
      - Agri
      - Aksaray
      - Amasya
      - Ankara
      - Antalya
      - Ardahan
      - Artvin
      - Aydin
      - Balikesir
      - Bartin
      - Batman
      - Bayburt
      - Bilecik
      - Bingol
      - Bitlis
      - Bolu
      - Burdur
      - Bursa
      - Canakkale
      - Cankiri
      - Corum
      - Denizli
      - Diyarbakir
      - Duzce
      - Edirne
      - Elazig
      - Erzincan
      - Erzurum
      - Eskisehir
      - Gaziantep
      - Giresun
      - Gumushane
      - Hakkari
      - Hatay
      - Icel
      - Igdir
      - Isparta
      - Istanbul
      - Izmir
      - Kahramanmaras
      - Karabuk
      - Karaman
      - Kars
      - Kastamonu
      - Kayseri
      - Kilis
      - Kirikkale
      - Kirklareli
      - Kirsehir
      - Kocaeli
      - Konya
      - Kutahya
      - Malatya
      - Manisa
      - Mardin
      - Mugla
      - Mus
      - Nevsehir
      - Nigde
      - Ordu
      - Osmaniye
      - Rize
      - Sakarya
      - Samsun
      - Sanliurfa
      - Siirt
      - Sinop
      - Sirnak
      - Sivas
      - Tekirdag
      - Tokat
      - Trabzon
      - Tunceli
      - Usak
      - Van
      - Yalova
      - Yozgat
      - Zonguldak
-
  name: Tuvalu
  cities:
      - Tuvalu (General)
-
  name: Tunez
  cities:
      - Al Mahdiyah
      - Al Munastir
      - Al Qasrayn
      - Al Qayrawan
      - Ariana
      - Ariana Governorate
      - Bajah
      - Banzart
      - Bin
      - Jundubah
      - Kef
      - Madanin
      - Manouba
      - Nabul
      - Qabis
      - Qafsah
      - Qibili
      - Safaqis
      - Sidi Bu Zayd
      - Silyanah
      - Susah
      - Tatawin
      - Tawzar
      - Tunis
      - Zaghwan
-
  name: Ucrania
  cities:
      - Cherkas ka Oblast
      - Chernihivska Oblast
      - Chernivets ka Oblast
      - Dnipropetrovs ka Oblast
      - Donets ka Oblast
      - Ivano-Frankivs ka Oblast
      - Kharkivs ka Oblast
      - Khersons ka Oblast
      - Khmel nyts ka Oblast
      - Kirovohrads ka Oblast
      - Krym
      - Kyyiv
      - Kyyivs ka Oblast
      - L vivs ka Oblast
      - Luhans ka Oblast
      - Mykolayivs ka Oblast
      - Odes ka Oblast
      - Poltavs ka Oblast
      - Rivnens ka Oblast
      - Sevastopol
      - Sums ka Oblast
      - Ternopils ka Oblast
      - Vinnyts ka Oblast
      - Volyns ka Oblast
      - Zakarpats ka Oblast
      - Zaporiz ka Oblast
      - Zhytomyrs ka Oblast
-
  name: Uganda
  cities:
      - Adjumani
      - Arua
      - Bugiri
      - Busia
      - Busoga
      - Central
      - Eastern
      - Iganga
      - Kabarole
      - Kaberamaido
      - Kampala
      - Kamwenge
      - Kanungu
      - Karamoja
      - Katakwi
      - Kayunga
      - Kitgum
      - Kyenjojo
      - Mayuge
      - Mbale
      - Moroto
      - Mpigi
      - Mukono
      - Nakapiripirit
      - Nakasongola
      - Nile
      - North Buganda
      - Northern
      - Pader
      - Rukungiri
      - Sembabule
      - Sironko
      - Soroti
      - South Buganda
      - Southern
      - Wakiso
      - Western
      - Yumbe
-
  name: United States
  cities:
      - United States Minor Outlying Islands (General)
-
  name: Uruguay
  cities:
      - Artigas
      - Canelones
      - Cerro Largo
      - Colonia
      - Durazno
      - Flores
      - Florida
      - Lavalleja
      - Maldonado
      - Montevideo
      - Paysandu
      - Rio Negro
      - Rivera
      - Rocha
      - Salto
      - San Jose
      - Soriano
      - Tacuarembo
      - Treinta y Tres
-
  name: Uzbekistan
  cities:
      - Andijon
      - Bukhoro
      - Farghona
      - Jizzakh
      - Khorazm
      - Namangan
      - Nawoiy
      - Qashqadaryo
      - Qoraqalpoghiston
      - Samarqand
      - Sirdaryo
      - Sirdaryo Province
      - Surkhondaryo
      - Toshkent
-
  name: Vanuatu
  cities:
      - Ambrym
      - Aoba
      - Efate
      - Epi
      - Malakula
      - Malampa
      - Paama
      - Penama
      - Pentecote
      - Sanma
      - Shefa
      - Shepherd
      - Tafea
      - Torba
-
  name: Venezuela
  cities:
      - Amazonas
      - Anzoategui
      - Apure
      - Aragua
      - Barinas
      - Bolivar
      - Carabobo
      - Cojedes
      - Delta Amacuro
      - Dependencias Federales
      - Distrito Federal
      - Falcon
      - Guarico
      - Lara
      - Merida
      - Miranda
      - Monagas
      - Nueva Esparta
      - Portuguesa
      - Sucre
      - Tachira
      - Trujillo
      - Vargas
      - Yaracuy
      - Zulia
-
  name: Vietnam
  cities:
      - An Giang
      - An Giang Province
      - Ba Ria-Vung Tau
      - Bac Thai
      - Ben Tre
      - Binh Dinh
      - Binh Thuan
      - Binh Tri Thien
      - Can Tho
      - Cao Bang
      - Cuu Long
      - Dac Lac
      - Dac Lak Province
      - Dong Nai
      - Dong Nai
      - Dong Thap
      - Gia Lai
      - Gia Lai-Kon Tum
      - Ha Bac
      - Ha Giang
      - Ha Nam Ninh
      - Ha Noi
      - Ha Son Binh
      - Ha Tay
      - Ha Tinh
      - Ha Tuyen
      - Hai Hung
      - Hai Phong
      - Hanoi
      - Hau Giang
      - Ho Chi Minh
      - Hoa Binh
      - Hung Y?n Province
      - H? Nam Province
      - H?i Duong Province
      - H? Chi Minh Municipality
      - Khanh Hoa
      - Kien Giang
      - Ki?n Giang Province
      - Kon Tum
      - Lai Chau
      - Lam Dong
      - Lang Son
      - Lao Cai
      - Long An
      - Minh Hai
      - Minh H?i T?nh
      - Nam Ha
      - Nghe An
      - Nghe Tinh
      - Nghia Binh
      - Ninh Binh
      - Ninh Thuan
      - Phu Khanh
      - Phu Yen
      - Quang Binh
      - Quang Nam-Da Nang
      - Quang Ngai
      - Quang Ninh
      - Quang Tri
      - Qu?ng Nam Province
      - Soc Trang
      - Son La
      - Song Be
      - Tay Ninh
      - Thai Binh
      - Thanh Hoa
      - Thua Thien
      - Thai Nguy?n Province
      - Tien Giang
      - Tra Vinh
      - Tuyen Quang
      - Vinh Long
      - Vinh Phu
      - Vinh Phu T?nh
      - Yen Bai
      - ??ng Thap Province
-
  name: Virgin Islands British
  cities:
      - Virgin Islands, British (General)
-
  name: Virgin Islands U.S.
  cities:
      - Virgin Islands, U.S. (General)
-
  name: Western Sahara
  cities:
      - Western Sahara (General)
-
  name: Yemen
  cities:
      - Abyan
      - Adan
      - Adan Governorate
      - Al Bayda
      - Al Hudaydah
      - Al Jawf
      - Al Mahrah
      - Al Mahwit
      - Dhamar
      - Hadramawt
      - Hajjah
      - Ibb
      - Lahij
      - Ma rib
      - Sa
      - San
      - Shabwah
      - Ta
      - Taizz Governorate
-
  name: Zaire
  cities:
      - Bandundu
      - Bas-Congo
      - Equateur
      - Kasai-Occidental
      - Kasai-Oriental
      - Katanga
      - Kinshasa
      - Kivu
      - Maniema
      - Nord-Kivu
      - Orientale
      - Sud-Kivu
-
  name: Zambia
  cities:
      - Central
      - Copperbelt
      - Eastern
      - Luapula
      - Lusaka
      - North-Western
      - Northern
      - Southern
      - Western
-
  name: Zimbabue
  cities:
      - Bulawayo
      - Harare
      - Manicaland
      - Mashonaland Central
      - Mashonaland East
      - Mashonaland West
      - Masvingo
      - Matabeleland North
      - Matabeleland South
      - Midlands
-
  name: japan
  cities:
-
  name: Spain
  cities:
